{"tema_selecionado":"Dark","temas":{"Portugol":{"fundo_claro":"e4f1fe","cor_letra_titulo":"ffffff","progress_bar":"ffc200","cor_letra":"333333","fundo_medio":"c1d9f5","icones":"Portugol","fundo_escuro":"316892","cor_destaque":"d2e7fc","cor_console":"e6e6e6","fundo_botoes_expansiveis":"ffffff","cor_principal":"fafafa","cor_4":"00efc0","Editor":{"cursor":"ff0000","selecao_chave_correspondente_fg":"000080","selecao_chave_correspondente_bg":"eaeaff","valor_hexa":"6400C8","valor_cadeia":"DC009C","valor_logico":"0000ff","valor_inteiro":"6400C8","separador":"ff0000","background_editor":"fafafa","erro_bg":"ffcccc","numeros_das_linhas":"787878","valor_real":"6400C8","tipos":"008080","erro_fg":"000000","selecao_linha_atual":"ddf1ff","comentario_linha":"808080","valor_caracter":"DC009C","palavras_reservadas":"0000ff","comentario_multilinha":"808080","chamada_funcao":"ad8000","borda_barra_lateral":"dddddd","dobrador_de_codigo":"808080","operador":"804040","selection_bg":"c0ced1","identificador":"000000"},"cor_3":"f0433b","cor_2":"45bdff","cor_1":"ffc200"},"Dark":{"fundo_claro":"445056","cor_letra_titulo":"cdcdcd","progress_bar":"f1433c","cor_letra":"cdcdcd","fundo_medio":"263238","icones":"Dark","fundo_escuro":"121e24","cor_destaque":"3a464c","cor_console":"3a464c","fundo_botoes_expansiveis":"121e24","cor_principal":"263238","cor_4":"00efc0","Editor":{"cursor":"c1cbc2","selecao_chave_correspondente_fg":"6A8088","selecao_chave_correspondente_bg":"6b8189","valor_hexa":"00F0C0","valor_cadeia":"FFC200","valor_logico":"F1433C","valor_inteiro":"00F0C0","separador":"E8E2B7","background_editor":"263238","erro_bg":"04790e","numeros_das_linhas":"516268","valor_real":"00F0C0","tipos":"45BEFF","erro_fg":"FBFBFB","selecao_linha_atual":"2F393C","comentario_linha":"66747B","valor_caracter":"FFC200","palavras_reservadas":"F1433C","comentario_multilinha":"66747B","chamada_funcao":"FBFBFB","borda_barra_lateral":"1E2324","dobrador_de_codigo":"516268","operador":"E8E2B7","selection_bg":"404E51","identificador":"FBFBFB"},"cor_3":"f0433b","cor_2":"45bdff","cor_1":"ffc200"},"DarkEditado1":{"fundo_claro":"445056","cor_letra_titulo":"cdcdcd","progress_bar":"f1433c","cor_letra":"cdcdcd","fundo_medio":"263238","icones":"Dark","fundo_escuro":"121e24","cor_destaque":"3a464c","cor_console":"3a464c","fundo_botoes_expansiveis":"121e24","cor_principal":"263238","cor_4":"00efc0","Editor":{"cursor":"c1cbc2","selecao_chave_correspondente_fg":"6A8088","selecao_chave_correspondente_bg":"6b8189","valor_hexa":"00F0C0","valor_cadeia":"FFC200","valor_logico":"F1433C","valor_inteiro":"00F0C0","separador":"E8E2B7","background_editor":"263238","erro_bg":"04790e","numeros_das_linhas":"516268","valor_real":"00F0C0","tipos":"45BEFF","erro_fg":"FBFBFB","selecao_linha_atual":"2F393C","comentario_linha":"66747B","valor_caracter":"FFC200","palavras_reservadas":"F1433C","comentario_multilinha":"66747B","chamada_funcao":"FBFBFB","borda_barra_lateral":"1E2324","dobrador_de_codigo":"516268","operador":"E8E2B7","selection_bg":"404E51","identificador":"FBFBFB"},"cor_3":"f0433b","cor_2":"45bdff","cor_1":"ffc200"}}}